"ID","Abeja","especies","genero","Familia","DIT"
"chaco0611","Colletes.araucariae_0611","Colletes.araucariae","Colletes","Colletidae",2.417
"chaco0611","Caenohalictus.sp_0611","Caenohalictus.sp","Caenohalictus","Halictidae",1.3
"chaco0611","Colletes.bicolor_0611","Colletes.bicolor","Colletes","Colletidae",2.675
"chaco0611","Colletes.cognatus_0611","Colletes.cognatus","Colletes","Colletidae",2.35
"chaco0611","Alloscirtetica.sp1_0611","Alloscirtetica.sp1","Alloscirtetica","Apidae",2.9
"chaco0611","Apis.mellifera_0611","Apis.mellifera","Apis","Apidae",2.9
"chaco0611","Augochloropsis.sp_0611","Augochloropsis.sp","Augochloropsis","Halictidae",2.18
"chaco0611","Dialictus.sp_0611","Dialictus.sp","Dialictus","Halictidae",1.2
"chaco0611","Melissoptila.sp_0611","Melissoptila.sp","Melissoptila","Apidae",2.65
"chaco0611","Svastra.sp_0611","Svastra.sp","Svastra","Apidae",3.54
"M_001","Alloscirtetica.rufitarsis_001","Alloscirtetica.rufitarsis","Alloscirtetica","Apidae",3.36
"M_001","Alloscirtetica.gayi_001","Alloscirtetica.gayi","Alloscirtetica","Apidae",3.102
"M_001","Alloscirtetica.sp_001","Alloscirtetica.sp","Alloscirtetica","Apidae",2.9
"M_001","Anthidium.chilensis_001","Anthidium.chilensis","Anthidium","Megachilidae",1.2
"M_001","Anthidium.decaspilum_001","Anthidium.decaspilum","Anthidium","Megachilidae",3.2
"M_001","Anthidium.funereum_001","Anthidium.funereum","Anthidium","Megachilidae",3.2
"M_001","Anthidium.sp_001","Anthidium.sp","Anthidium","Megachilidae",3.34
"M_001","Cadeguala.occidentalis_001","Cadeguala.occidentalis","Cadeguala","Colletidae",3.3
"M_001","Dialictus.sp_001","Dialictus.sp","Dialictus","Halictidae",1.2
"M_001","Liphanthus.sabulosus_001","Liphanthus.sabulosus","Liphanthus","Andrenidae",1.237
"M_001","Ruizantheda.mutabilis_001","Ruizantheda.mutabilis","Ruizantheda","Halictidae",1.68
"M_001","Colletes.araucariae_001","Colletes.araucariae","Colletes","Colletidae",2.417
"M_001","Caenohalictus.sp_001","Caenohalictus.sp","Caenohalictus","Halictidae",1.3
"M_001","Centris.cineraria_001","Centris.cineraria","Centris","Apidae",5.108
"M_001","Caenohalictus.sp2_001","Caenohalictus.sp2","Caenohalictus","Halictidae",1.3
"M_001","Caenohalictus.sp3_001","Caenohalictus.sp3","Caenohalictus","Halictidae",1.3
"M_001","Bombus.dahlbomii_001","Bombus.dahlbomii","Bombus","Apidae",6.01
"M_001","Anthophora.incerta_001","Anthophora.incerta","Anthophora","Apidae",4.13
"M_001","Centris.nigerrima_001","Centris.nigerrima","Centris","Apidae",4.836
"M_001","Megachile.sp1_001","Megachile.sp1","Megachile","Megachilidae",3.2
"M_001","Megachile.sp2_001","Megachile.sp2","Megachile","Megachilidae",3.2
"M_001","Centris.sp_001","Centris.sp","Centris","Apidae",5.4
"M_001","Colletes.sp_001","Colletes.sp","Colletes","Colletidae",2.9
"M_001","Anthophora.sp_001","Anthophora.sp","Anthophora","Apidae",4.13
"M_002","Caenohalictus.sp_002","Caenohalictus.sp","Caenohalictus","Halictidae",1.3
"M_002","Alloscirtetica.rufitarsis-002","","Alloscirtetica","Apidae",3.36
"M_002","Alloscirtetica.sp_002","Alloscirtetica.sp","Alloscirtetica","Apidae",2.9
"M_002","Anthidium.funereum_002","Anthidium.funereum","Anthidium","Megachilidae",3.2
"M_002","Anthidium.sp_002","Anthidium.sp","Anthidium","Megachilidae",3.34
"M_002","Bombus.dahlbomii_002","Bombus.dahlbomii","Bombus","Apidae",6.01
"M_002","Centris.cineraria_002","Centris.cineraria","Centris","Apidae",5.108
"M_002","Megachile.semirufa_002","Megachile.semirufa","Megachile","Megachilidae",4.19
"M_002","Megachile.sp1_002","Megachile.sp1","Megachile","Megachilidae",3.2
"M_002","Megachile.sp2_002","Megachile.sp2","Megachile","Megachilidae",3.2
"M_002","Megachile.sp4_002","Megachile.sp4","Megachile","Megachilidae",3.2
"M_002","Centris.nigerrima_002","Centris.nigerrima","Centris","Apidae",4.836
"M_002","Colletes.sp_002","Colletes.sp","Colletes","Colletidae",2.9
"M_002","Megachile.sp5_002","Megachile.sp5","Megachile","Megachilidae",3.2
"M_003","Anthidium.sp_003","Anthidium.sp","Anthidium","Megachilidae",3.34
"M_003","Bombus.dahlbomii_003","Bombus.dahlbomii","Bombus","Apidae",6.01
"M_003","Megachile.sp5_003","Megachile.sp5","Megachile","Megachilidae",3.2
"M_004","Dialictus.sp1_004","Dialictus.sp1","Dialictus","Halictidae",1.2
"M_004","Halictus.confusus_004","Halictus.confusus","Halictus","Halictidae",1.41
"M_004","Hoplitis.producta_004","Hoplitis.producta","Hoplitis","Megachilidae",1.56
"M_004","Hylaeus.basalis_004","Hylaeus.basalis","Hylaeus","Colletidae",1.85
"M_004","Osmia.lignaria_004","Osmia.lignaria","Osmia","Megachilidae",2.9
"M_004","Halictus.rubicundus_004","Halictus.rubicundus","Halictus","Halictidae",2.21
"M_004","Osmia.proxima_004","Osmia.proxima","Osmia","Megachilidae",2.16
"M_004","Osmia.pumila_004","Osmia.pumila","Osmia","Megachilidae",1.9
"M_004","Andrena.melanochroa_004","Andrena.melanochroa","Andrena","Andrenidae",1.7
"M_004","Andrena.miranda_004","Andrena.miranda","Andrena","Andrenidae",1.9
"M_004","Andrena.nivalis_004","Andrena.nivalis","Andrena","Andrenidae",2.69
"M_004","Andrena.w.scripta_004","Andrena.w.scripta","Andrena","Andrenidae",1.74
"M_004","Andrena.wilkella_004","Andrena.wilkella","Andrena","Andrenidae",2.34
"M_004","Bombus.vagans_004","Bombus.vagans","Bombus","Apidae",3.56
"M_005","Megachile.gemula albula_005","Megachile.gemula.albula","Megachile","Megachilidae",3.62
"M_005","Apis.mellifera_005","Apis.mellifera","Apis","Apidae",2.9
"M_005","Bombus.bifarius_005","Bombus.bifarius","Bombus","Apidae",2.89
"M_005","Osmia.bruneri_005","Osmia.bruneri","Osmia","Megachilidae",2.1
"M_005","Bombus.centralis_005","Bombus.centralis","Bombus","Apidae",3.06
"M_005","Andrena.crataegi_005","Andrena.crataegi","Andrena","Andrenidae",1.81
"M_005","Osmia.nigrifrons_005","Osmia.nigrifrons","Osmia","Megachilidae",2.43
"M_005","Bombus.fervidus_005","Bombus.fervidus","Bombus","Apidae",3.48
"M_005","Bombus.flavifrons_005","Bombus.flavifrons","Bombus","Apidae",2.89
"M_005","Megachile.relativa_005","Megachile.relativa","Megachile","Megachilidae",2.68
"M_005","Andrena.imitatrix_005","Andrena.imitatrix","Andrena","Andrenidae",4.49
"M_005","Bombus.hunti_005","Bombus.hunti","Bombus","Apidae",5.13
"M_005","Osmia.pentstemonis_005","Osmia.pentstemonis","Osmia","Megachilidae",1.75
"M_005","Osmia.pusilla_005","Osmia.pusilla","Osmia","Megachilidae",1.58
"M_005","Colletes.kincaidi_005","Colletes.kincaidi","Colletes","Colletidae",1.97
"M_005","Bombus.nevadensis_005","Bombus.nevadensis","Bombus","Apidae",5.06
"M_005","Bombus.occidentalis_005","Bombus.occidentalis","Bombus","Apidae",3.89
"M_005","Bombus.pennsylvanicus_005","Bombus.pennsylvanicus","Bombus","Apidae",6
"M_005","Halictus.sp1_005","Halictus.sp1","Halictus","Halictidae",1.49
"M_005","Megachile.sp1_005","Megachile.sp1","Megachile","Megachilidae",3.2
"M_005","Osmia.sp1_005","Osmia.sp1","Osmia","Megachilidae",3.1
"M_005","Andrena.sp1_005","Andrena.sp1","Andrena","Andrenidae",2.99
"M_005","Halictus.sp2_005","Halictus.sp2","Halictus","Halictidae",1.49
"M_005","Halictus.sp3_005","Halictus.sp3","Halictus","Halictidae",1.49
"M_005","Ceratina.sp1_005","Ceratina.sp1","Ceratina","Apidae",1.5
"M_005","Colletes.sp1_005","Colletes.sp1","Colletes","Colletidae",2.9
"M_005","Megachile.texana_005","Megachile.texana","Megachile","Megachilidae",3.65
"M_005","Andrena.vicina_005","Andrena.vicina","Andrena","Andrenidae",2.54
"M_005","Melissodes.sp1_005","Melissodes.sp1","Melissodes","Apidae",2.65
"M_006","Andrena.haemorrhoa_006","Andrena.haemorrhoa","Andrena","Andrenidae",2.54
"M_006","Lasioglossum.calceatum_006","Lasioglossum.calceatum","Lasioglossum","Halictidae",1.78
"M_006","Bombus.hortorum_006","Bombus.hortorum","Bombus","Apidae",4.74
"M_006","Lasioglossum.leucozonium_006","Lasioglossum.leucozonium","Lasioglossum","Halictidae",1.86
"M_006","Bombus.lapidarius_006","Bombus.lapidarius","Bombus","Apidae",3.98
"M_006","Bombus.pascuorum_006","Bombus.pascuorum","Bombus","Apidae",3.72
"M_006","Bombus.pratorum_006","Bombus.pratorum","Bombus","Apidae",4.21
"M_006","Bombus.terrestris.lucorum_006","Bombus.terrestris.lucorum","Bombus","Apidae",4.78
"M_006","Andrena.wilkella_006","Andrena.wilkella","Andrena","Andrenidae",2.34
"M_006","Lasioglossum.villosulum_006","Lasioglossum.villosulum","Lasioglossum","Halictidae",1.32
"M_006","Megachile.willughbiella_006","Megachile.willughbiella","Megachile","Megachilidae",3.26
"M_007","Apis.mellifera_007","Apis.mellifera","Apis","Apidae",2.9
"M_007","Andrena.chrysosceles_007","Andrena.chrysosceles","Andrena","Andrenidae",1.84
"M_007","Lasioglossum.calceatum_007","Lasioglossum.calceatum","Lasioglossum","Halictidae",1.78
"M_007","Bombus.hortorum_007","Bombus.hortorum","Bombus","Apidae",4.74
"M_007","Bombus.lapidarius_007","Bombus.lapidarius","Bombus","Apidae",3.98
"M_007","Bombus.pascuorum_007","Bombus.pascuorum","Bombus","Apidae",3.72
"M_007","Anthophora.plumipes_007","Anthophora.plumipes","Anthophora","Apidae",4.17
"M_007","Bombus.pratorum_007","Bombus.pratorum","Bombus","Apidae",4.21
"M_007","Bombus.terrestris.lucorum_007","Bombus.terrestris.lucorum","Bombus","Apidae",4.78
"M_007","Lasioglossum.villosulum_007","Lasioglossum.villosulum","Lasioglossum","Halictidae",1.32
"M_008","Anthidium.manicatum_008","Anthidium.manicatum","Anthidium","Megachilidae",3.44
"M_008","Apis.mellifera_008","Apis.mellifera","Apis","Apidae",2.9
"M_009","Bombus.alpinus_009","Bombus.alpinus","Bombus","Apidae",5.28
"M_010","Bombus.sp1_010","Bombus.sp1","Bombus","Apidae",4.35
"M_012","Apis.mellifera_012","Apis.mellifera","Apis","Apidae",2.9
"M_012","Halictus.sp1_012","Halictus.sp1","Halictus","Halictidae",1.49
"M_012","Andrena.sp1_012","Andrena.sp1","Andrena","Andrenidae",2.99
"M_013","Apis.mellifera_013","Apis.mellifera","Apis","Apidae",2.9
"M_014","Apis.mellifera_014","Apis.mellifera","Apis","Apidae",2.9
"M_015","Andrena.alfkenella_015","Andrena.alfkenella","Andrena","Andrenidae",1.33
"M_015","Andrena.bicolor_015","Andrena.bicolor","Andrena","Andrenidae",2.05
"M_015","Osmia.aurulenta_015","Osmia.aurulenta","Osmia","Megachilidae",2.78
"M_015","Osmia.caerulescens_015","Osmia.caerulescens","Osmia","Megachilidae",2.34
"M_015","Anthophora.atroalba_015","Anthophora.atroalba","Anthophora","Apidae",3.67
"M_015","Amegilla.albigena_015","Amegilla.albigena","Amegilla","Apidae",3.02
"M_015","Amegilla.quadrifasciata_015","Amegilla.quadrifasciata","Amegilla","Apidae",3.64
"M_015","Andrena.combaella_015","Andrena.combaella","Andrena","Andrenidae",2.34
"M_015","Andrena.flavipes_015","Andrena.flavipes","Andrena","Andrenidae",1.71
"M_015","Andrena.hattorfiana_015","Andrena.hattorfiana","Andrena","Andrenidae",2.71
"M_015","Anthidiellum.strigatum.luteum_015","Anthidiellum.strigatum.luteum","Anthidiellum","Megachilidae",2.44
"M_015","Anthidium.manicatum_015","Anthidium.manicatum","Anthidium","Megachilidae",3.44
"M_015","Apis.mellifera_015","Apis.mellifera","Apis","Apidae",2.9
"M_015","Cerarina.cucurbitina_015","Cerarina.cucurbitina","Cerarina","Apidae",1.36
"M_015","Chelostoma.appendiculatum_015","Chelostoma.appendiculatum","Chelostoma","Megachilidae",0.95
"M_015","Eucera.clypeata_015","Eucera.clypeata","Eucera","Apidae",2.75
"M_015","Eucera.nigrescens.contraria_015","Eucera.nigrescens.contraria","Eucera","Apidae",3.34
"M_015","Eucera.nigrilabris.rufitarsis_015","Eucera.nigrilabris.rufitarsis","Eucera","Apidae",3.65
"M_015","Eucera.seminuda_015","Eucera.seminuda","Eucera","Apidae",2.65
"M_015","Eucera.sp1_015","Eucera.sp1","Eucera","Apidae",4
"M_015","Habropoda.tarsata_015","Habropoda.tarsata","Habropoda","Apidae",3
"M_015","Heriades.crenulatus_015","Heriades.crenulatus","Heriades","Megachilidae",1.53
"M_015","Heriades.trucorum_015","Heriades.trucorum","Heriades","Megachilidae",1.64
"M_015","Lasioglossum.aeratum_015","Lasioglossum.aeratum","Lasioglossum","Halictidae",0.92
"M_015","Lasioglossum.brevicome_015","Lasioglossum.brevicome","Lasioglossum","Halictidae",1.38
"M_015","Megachile.pilidens_015","Megachile.pilidens","Megachile","Megachilidae",2.67
"M_015","Osmia.melanogaster_015","Osmia.melanogaster","Osmia","Megachilidae",2.84
"M_015","Pseudapis.diversipes_015","Pseudapis.diversipes","Pseudapis","Halictidae",1.78
"M_015","Rhodanthidium.septemdentatum_015","Rhodanthidium.septemdentatum","Rhodanthidium","Megachilidae",3.28
"M_015","Rophites.quinquespinosus_015","Rophites.quinquespinosus","Rophites","Halictidae",2.13
"M_015","Systropha.planidens_015","Systropha.planidens","Systropha","Halictidae",2.17
"M_015","Ceratina.cyanea_015","Ceratina.cyanea","Ceratina","Apidae",1.24
"M_015","Andrena.humillis_015","Andrena.humillis","Andrena","Andrenidae",2.43
"M_015","Lasioglossum.laticeps hellenicum_015","Lasioglossum.laticeps.hellenicum","Lasioglossum","Halictidae",1.47
"M_015","Lasioglossum.leucozonium_015","Lasioglossum.leucozonium","Lasioglossum","Halictidae",1.86
"M_015","Hylaeus.imparilis_015","Hylaeus.imparilis","Hylaeus","Colletidae",0.99
"M_015","Lasioglossum.limbellum_015","Lasioglossum.limbellum","Lasioglossum","Halictidae",1.32
"M_015","Lasioglossum.lineare_015","Lasioglossum.lineare","Lasioglossum","Halictidae",1.35
"M_015","Halictus.scabiosae_015","Halictus.scabiosae","Halictus","Halictidae",2.4
"M_015","Andrena.nana_015","Andrena.nana","Andrena","Andrenidae",1.58
"M_015","Andrena.nigroaenea_015","Andrena.nigroaenea","Andrena","Andrenidae",2.84
"M_015","Lasioglossum.lucidulum_015","Lasioglossum.lucidulum","Lasioglossum","Halictidae",1.28
"M_015","Lasioglossum.malachurum_015","Lasioglossum.malachurum","Lasioglossum","Halictidae",1.65
"M_015","Lasioglossum.marginatum_015","Lasioglossum.marginatum","Lasioglossum","Halictidae",1.65
"M_015","Lasioglossum.mediterraneum_015","Lasioglossum.mediterraneum","Lasioglossum","Halictidae",3.34
"M_015","Halictus.smaragdulus_015","Halictus.smaragdulus","Halictus","Halictidae",1.11
"M_015","Lasioglossum.mesosclerum_015","Lasioglossum.mesosclerum","Lasioglossum","Halictidae",1.25
"M_015","Lasioglossum.nigripes_015","Lasioglossum.nigripes","Lasioglossum","Halictidae",1.95
"M_015","Lasioglossum.nitidulum.fudakowskii_015","Lasioglossum.nitidulum.fudakowskii","Lasioglossum","Halictidae",1.24
"M_015","Halictus.sp1_015","Halictus.sp1","Halictus","Halictidae",1.49
"M_015","Megachile.sp1_015","Megachile.sp1","Megachile","Megachilidae",3.2
"M_015","Lasioglossum.pauxillum_015","Lasioglossum.pauxillum","Lasioglossum","Halictidae",1.115
"M_015","Lasioglossum.politum_015","Lasioglossum.politum","Lasioglossum","Halictidae",0.85
"M_015","Lasioglossum.pygmaeum.patulum_015","Lasioglossum.pygmaeum.patulum","Lasioglossum","Halictidae",1.14
"M_015","Lasioglossum.quadrinotatum_015","Lasioglossum.quadrinotatum","Lasioglossum","Halictidae",1.72
"M_015","Ceratina.nigrolabiata_015","Ceratina.nigrolabiata","Ceratina","Apidae",1.34
"M_015","Hylaeus.punctatus_015","Hylaeus.punctatus","Hylaeus","Colletidae",1.19
"M_015","Megachile.sp2_015","Megachile.sp2","Megachile","Megachilidae",3.2
"M_015","Xylocopa.iris_015","Xylocopa.iris","Xylocopa","Apidae",4.33
"M_015","Hylaeus.signatus_015","Hylaeus.signatus","Hylaeus","Colletidae",1.81
"M_015","Lasioglossum.sp1_015","Lasioglossum.sp1","Lasioglossum","Halictidae",1.47
"M_015","Andrena.simontornyella_015","Andrena.simontornyella","Andrena","Andrenidae",1.31
"M_015","Andrena.sp1_015","Andrena.sp1","Andrena","Andrenidae",2.99
"M_015","Andrena.sp2_015","Andrena.sp2","Andrena","Andrenidae",2.99
"M_015","Andrena.sp3_015","Andrena.sp3","Andrena","Andrenidae",2.99
"M_015","Megachile.sp3_015","Megachile.sp3","Megachile","Megachilidae",3.2
"M_015","Osmia.sp1_015","Osmia.sp1","Osmia","Megachilidae",3.11
"M_015","Eucera.sp2_015","Eucera.sp2","Eucera","Apidae",4
"M_015","Halictus.sp2_015","Halictus.sp2","Halictus","Halictidae",1.49
"M_015","Megachile.sp4_015","Megachile.sp4","Megachile","Megachilidae",3.2
"M_015","Andrena.taraxaci_015","Andrena.taraxaci","Andrena","Andrenidae",1.68
"M_015","Halictus.subauratus_015","Halictus.subauratus","Halictus","Halictidae",1.68
"M_015","Andrena.ventricosa_015","Andrena.ventricosa","Andrena","Andrenidae",1.63
"M_015","Bombus.terrestris_015","Bombus.terrestris","Bombus","Apidae",4.78
"M_015","Xylocopa.violacea_015","Xylocopa.violacea","Xylocopa","Apidae",7.8
"M_015","Hoplitis.sp1_015","Hoplitis.sp1","Hoplitis","Megachilidae",1.93
"M_015","Hoplitis.sp2_015","Hoplitis.sp2","Hoplitis","Megachilidae",1.93
"M_015","Hylaeus.variegatus_015","Hylaeus.variegatus","Hylaeus","Colletidae",2.12
"M_015","Lasioglossum.villosulum_015","Lasioglossum.villosulum","Lasioglossum","Halictidae",1.32
"M_015","Lasioglossum.zonulum_015","Lasioglossum.zonulum","Lasioglossum","Halictidae",1.97
"M_016","Colletes.acutus_016","Colletes.acutus","Colletes","Colletidae",2.57
"M_016","Andrena.bicolor_016","Andrena.bicolor","Andrena","Andrenidae",2.05
"M_016","Andrena.bimaculata_016","Andrena.bimaculata","Andrena","Andrenidae",2.72
"M_016","Anthophora.dispar_016","Anthophora.dispar","Anthophora","Apidae",3.67
"M_016","Ceratina.cucurbitina_016","Ceratina.cucurbitina","Ceratina","Apidae",1.36
"M_016","Halictus.fulvipes_016","Halictus.fulvipes","Halictus","Halictidae",2.13
"M_016","Lasioglossum.albocinctum_016","Lasioglossum.albocinctum","Lasioglossum","Halictidae",2.28
"M_016","Megachile.pilidens_016","Megachile.pilidens","Megachile","Megachilidae",2.67
"M_016","Amegilla.fasciata_016","Amegilla.fasciata","Amegilla","Apidae",3.29
"M_016","Andrena.hispania_016","Andrena.hispania","Andrena","Andrenidae",2.95
"M_016","Apis.mellifera_016","Apis.mellifera","Apis","Apidae",2.9
"M_016","Ceratina.cyanea_016","Ceratina.cyanea","Ceratina","Apidae",1.24
"M_016","Colletes.fodiens_016","Colletes.fodiens","Colletes","Colletidae",2.6
"M_016","Dasypoda cingulata_016","Dasypoda.cingulata","","Melittidae",2.17
"M_016","Halictus.quadricinctus_016","Halictus.quadricinctus","Halictus","Halictidae",2.84
"M_016","Panurgus.sp1_016","Panurgus.sp1","Panurgus","Andrenidae",1.69
"M_016","Xylocopa.cantabrita_016","Xylocopa.cantabrita","Xylocopa","Apidae",5.71
"M_016","Halictus.scabiosae_016","Halictus.scabiosae","Halictus","Halictidae",2.5
"M_016","Bombus.lucorum_016","Bombus.lucorum","Bombus","Apidae",4.78
"M_016","Andrena.nigroaenea_016","Andrena.nigroaenea","Andrena","Andrenidae",2.97
"M_016","Halictus.smaragdulus_016","Halictus.smaragdulus","Halictus","Halictidae",1.11
"M_016","Lasioglossum.pallens_016","Lasioglossum.pallens","Lasioglossum","Halictidae",1.59
"M_016","Lasioglossum.punctatissimum_016","Lasioglossum.punctatissimum","Lasioglossum","Halictidae",1.21
"M_016","Lasioglossum.sp1_016","Lasioglossum.sp1","Lasioglossum","Halictidae",1.47
"M_016","Andrena.sp1_016","Andrena.sp1","Andrena","Andrenidae",2.99
"M_016","Osmia.sp1_016","Osmia.sp1","Osmia","Megachilidae",3.11
"M_016","Colletes.sp1_016","Colletes.sp1","Colletes","Colletidae",2.9
"M_016","Colletes.succintus_016","Colletes.succintus","Colletes","Colletidae",3
"M_016","Xylocopa.violacea_016","Xylocopa.violacea","Xylocopa","Apidae",7.8
"M_016","Anthophora.sp1_016","Anthophora.sp1","Anthophora","Apidae",4.13
"M_016","Lasioglossum.villosulum_016","Lasioglossum.villosulum","Lasioglossum","Halictidae",1.32
"M_017","Apis.mellifera_017","Apis.mellifera","Apis","Apidae",2.9
"M_017","Bombus.lapidarius_017","Bombus.lapidarius","Bombus","Apidae",3.98
"M_017","Bombus.muscorum_017","Bombus.muscorum","Bombus","Apidae",3.84
"M_017","Bombus.pascuorum_017","Bombus.pascuorum","Bombus","Apidae",3.72
"M_017","Bombus.terrestris_017","Bombus.terrestris","Bombus","Apidae",4.78
"M_018","Bombus.hortorum_018","Bombus.hortorum","Bombus","Apidae",4.74
"M_018","Bombus.lapidarius_018","Bombus.lapidarius","Bombus","Apidae",3.98
"M_018","Bombus.lucorum_018","Bombus.lucorum","Bombus","Apidae",4.78
"M_018","Bombus.pascuorum_018","Bombus.pascuorum","Bombus","Apidae",3.72
"M_018","Bombus.pratorum_018","Bombus.pratorum","Bombus","Apidae",4.21
"M_018","Bombus.ruderatus_018","Bombus.ruderatus","Bombus","Apidae",5.58
"M_018","Bombus.soroeensis_018","Bombus.soroeensis","Bombus","Apidae",3.45
"M_018","Bombus.terrestris_018","Bombus.terrestris","Bombus","Apidae",4.78
"M_019","Apis.mellifera_019","Apis.mellifera","Apis","Apidae",2.9
"M_019","Megachile.sp1_019","Megachile.sp1","Megachile","Megachilidae",3.2
"M_019","Lasioglossum.sp1_019","Lasioglossum.sp1","Lasioglossum","Halictidae",1.47
"M_019","Hylaeus.sp1_019","Hylaeus.sp1","Hylaeus","Colletidae",1.27
"M_019","Lasioglossum.sp10_019","Lasioglossum.sp10","Lasioglossum","Halictidae",1.47
"M_019","Lasioglossum.sp2_019","Lasioglossum.sp2","Lasioglossum","Halictidae",1.47
"M_019","Lasioglossum.sp3_019","Lasioglossum.sp3","Lasioglossum","Halictidae",1.47
"M_019","Lasioglossum.sp4_019","Lasioglossum.sp4","Lasioglossum","Halictidae",1.47
"M_019","Lasioglossum.sp5_019","Lasioglossum.sp5","Lasioglossum","Halictidae",1.47
"M_019","Lasioglossum.sp6_019","Lasioglossum.sp6","Lasioglossum","Halictidae",1.47
"M_019","Lasioglossum.sp7_019","Lasioglossum.sp7","Lasioglossum","Halictidae",1.47
"M_019","Lasioglossum.sp8_019","Lasioglossum.sp8","Lasioglossum","Halictidae",1.47
"M_019","Lasioglossum.sp9_019","Lasioglossum.sp9","Lasioglossum","Halictidae",1.47
"M_020","Lasioglossum.sp11_019","Lasioglossum.sp11","Lasioglossum","Halictidae",1.47
"M_020","Bombus.sp1_020","Bombus.sp1","Bombus","Apidae",4.3
"M_021","Bombus.ardens_021","Bombus.ardens","Bombus","Apidae",4.98
"M_021","Bombus.diversus.diversus_021","Bombus.diversus.diversus","Bombus","Apidae",5.49
"M_021","Andrena.haemorrhoa.japonibia_021","Andrena.haemorrhoa.japonibia","Andrena","Andrenidae",2.54
"M_021","Bombus.honshuensis_021","Bombus.honshuensis","Bombus","Apidae",6.1
"M_021","Apis.cerana_021","Apis.cerana","Apis","Apidae",2.38
"M_021","Apis.mellifera_021","Apis.mellifera","Apis","Apidae",2.9
"M_021","Ceratina.flavipes_021","Ceratina.flavipes","Ceratina","Apidae",1.71
"M_021","Andrena.longitibialis_021","Andrena.longitibialis","Andrena","Andrenidae",1.59
"M_021","Bombus.hypocrita.hypocrita_021","Bombus.hypocrita.hypocrita","Bombus","Apidae",5.4
"M_021","Bombus.ignitus_021","Bombus.ignitus","Bombus","Apidae",6.3
"M_021","Andrena.minutula_021","Andrena.minutula","Andrena","Andrenidae",1.5
"M_021","Ceratina.japonica_021","Ceratina.japonica","Ceratina","Apidae",1.22
"M_021","Lasioglossum.occidens_021","Lasioglossum.occidens","Lasioglossum","Halictidae",2.26
"M_021","Lasioglossum.proximatum_021","Lasioglossum.proximatum","Lasioglossum","Halictidae",2.43
"M_021","Lasioglossum.sp1_021","Lasioglossum.sp1","Lasioglossum","Halictidae",1.47
"M_021","Lasioglossum.sp2_021","Lasioglossum.sp2","Lasioglossum","Halictidae",1.47
"M_021","Lasioglossum.sp3_021","Lasioglossum.sp3","Lasioglossum","Halictidae",1.47
"M_021","Lasioglossum.sp4_021","Lasioglossum.sp4","Lasioglossum","Halictidae",1.47
"M_021","Lasioglossum.sp5_021","Lasioglossum.sp5","Lasioglossum","Halictidae",1.47
"M_021","Lasioglossum.sp6_021","Lasioglossum.sp6","Lasioglossum","Halictidae",1.47
"M_022","Anthidium.chubuti_022","Anthidium.chubuti","Anthidium","Megachilidae",3.69
"M_022","Megachile.sp1_022","Megachile.sp1","Megachile","Megachilidae",3.2
"M_022","Megachile.sp2_022","Megachile.sp2","Megachile","Megachilidae",3.2
"M_023","CaenoHalictus.sp1_023","CaenoHalictus.sp1","CaenoHalictus","Halictidae",1.3
"M_023","CaenoHalictus.sp2_023","CaenoHalictus.sp2","CaenoHalictus","Halictidae",1.3
"M_023","Apis.mellifera_023","Apis.mellifera","Apis","Apidae",2.9
"M_023","Augochloropsis.sp1_023","Augochloropsis.sp1","Augochloropsis","Halictidae",2.18
"M_023","Dialictus.sp1_023","Dialictus.sp1","Dialictus","Halictidae",1.2
"M_023","Dialictus.sp2_023","Dialictus.sp2","Dialictus","Halictidae",1.2
"M_023","Megachile.sp1_023","Megachile.sp1","Megachile","Megachilidae",3.2
"M_023","Megachile.sp2_023","Megachile.sp2","Megachile","Megachilidae",3.2
"M_023","Centris.sp1_023","Centris.sp1","Centris","Apidae",5.4
"M_025","Andrena.arabis_025","Andrena.arabis","Andrena","Andrenidae",2.1
"M_025","Bombus.bimaculatus_025","Bombus.bimaculatus","Bombus","Apidae",4.07
"M_025","Ceratina.calcarata_025","Ceratina.calcarata","Ceratina","Apidae",1.41
"M_025","Osmia.atriventris_025","Osmia.atriventris","Osmia","Megachilidae",2.08
"M_025","Andrena.carlini_025","Andrena.carlini","Andrena","Andrenidae",2.9
"M_025","Andrena.dunningi_025","Andrena.dunningi","Andrena","Andrenidae",2.64
"M_025","Andrena.erigeniae_025","Andrena.erigeniae","Andrena","Andrenidae",2.1
"M_025","Osmia.lignaria_025","Osmia.lignaria","Osmia","Megachilidae",2.9
"M_025","Andrena.imitatrix_025","Andrena.imitatrix","Andrena","Andrenidae",4.49
"M_025","Apis.mellifera_025","Apis.mellifera","Apis","Apidae",2.9
"M_025","Augochlora.pura_025","Augochlora.pura","Augochlora","Halictidae",1.64
"M_025","Cerarina.calcarata_025","Cerarina.calcarata","Cerarina","Apidae",1.41
"M_025","Lassioglossum.fuscipenne_025","Lassioglossum.fuscipenne","Lassioglossum","Halictidae",2.1
"M_025","Andrena.nasonii_025","Andrena.nasonii","Andrena","Andrenidae",1.59
"M_025","Bombus.pennsylvanicus_025","Bombus.pennsylvanicus","Bombus","Apidae",6
"M_025","Andrena.personata_025","Andrena.personata","Andrena","Andrenidae",1.2
"M_025","Osmia.simillima_025","Osmia.simillima","Osmia","Megachilidae",2.53
"M_025","Osmia.sp1_025","Osmia.sp1","Osmia","Megachilidae",3.11
"M_025","Andrena.violae_025","Andrena.violae","Andrena","Andrenidae",2.3
"M_025","Xylocopa.virginica virginica_025","Xylocopa.virginica.virginica","Xylocopa","Apidae",5.64
"M_027","Lasioglossum.sp1_027","Lasioglossum.sp1","Lasioglossum","Halictidae",1.47
"M_028","Bombus.hortotum_028","Bombus.hortotum","Bombus","Apidae",4.74
"M_028","Apis.mellifera_028","Apis.mellifera","Apis","Apidae",2.9
"M_028","Lasioglossum.sordidum_028","Lasioglossum.sordidum","Lasioglossum","Halictidae",1.29
"M_028","Bombus.ruderatus_028","Bombus.ruderatus","Bombus","Apidae",5.58
"M_028","Lasioglossum.sp1_028","Lasioglossum.sp1","Lasioglossum","Halictidae",1.47
"M_028","Hylaeus.sp1_028","Hylaeus.sp1","Hylaeus","Colletidae",1.27
"M_028","Bombus.terrestris_028","Bombus.terrestris","Bombus","Apidae",4.78
"M_029","Apis.mellifera_029","Apis.mellifera","Apis","Apidae",2.9
"M_029","Lasioglossum.sordidum_029","Lasioglossum.sordidum","Lasioglossum","Halictidae",1.29
"M_029","Lasioglossum.sp1_029","Lasioglossum.sp1","Lasioglossum","Halictidae",1.47
"M_029","Hylaeus.sp1_029","Hylaeus.sp1","Hylaeus","Colletidae",1.27
"M_029","Bombus.terrestris_029","Bombus.terrestris","Bombus","Apidae",4.78
"M_030","Apis.mellifera_030","Apis.mellifera","Apis","Apidae",2.9
"M_030","Anthidium.sp1_030","Anthidium.sp1","Anthidium","Megachilidae",3.34
"M_030","Anthidiellum.sp1_030","Anthidiellum.sp1","Anthidiellum","Megachilidae",3.4
"M_030","Augochlora.sp1_030","Augochlora.sp1","Augochlora","Halictidae",1.57
"M_030","Augochlora.sp2_030","Augochlora.sp2","Augochlora","Halictidae",1.57
"M_030","Augochloropsis.sp1_030","Augochloropsis.sp1","Augochloropsis","Halictidae",1.57
"M_030","Augochloropsis.vesta_030","Augochloropsis.vesta","Augochloropsis","Halictidae",2.18
"M_030","Dialictus.sp1_030","Dialictus.sp1","Dialictus","Halictidae",1.2
"M_030","Dialictus.sp2_030","Dialictus.sp2","Dialictus","Halictidae",1.2
"M_030","Euglossa.cordata_030","Euglossa.cordata","Euglossa","Apidae",3.4
"M_030","Exomalopsis.sp1_030","Exomalopsis.sp1","Exomalopsis","Apidae",1.75
"M_030","Megachile.sp1_030","Megachile.sp1","Megachile","Megachilidae",3.2
"M_030","Ceratina.sp1_030","Ceratina.sp1","Ceratina","Apidae",1.5
"M_031","Bombus.atratus_031","Bombus.atratus","Bombus","Apidae",5.66
"M_031","Apis.mellifera_031","Apis.mellifera","Apis","Apidae",2.9
"M_031","Augochlora.sp1_031","Augochlora.sp1","Augochlora","Halictidae",1.57
"M_031","Augochlora.sp1_031","Augochlora.sp1","Augochlora","Halictidae",1.57
"M_031","Augochloropsis.sp1_031","Augochloropsis.sp1","Augochloropsis","Halictidae",2.18
"M_031","Augochloropsis.sp2_031","Augochloropsis.sp2","Augochloropsis","Halictidae",2.18
"M_031","Augochloropsis.sp3_031","Augochloropsis.sp3","Augochloropsis","Halictidae",2.18
"M_031","Cerarina.sp1_031","Cerarina.sp1","Cerarina","Apidae",1.5
"M_031","Dialictus.sp1_031","Dialictus.sp1","Dialictus","Halictidae",1.2
"M_031","Dialictus.sp2_031","Dialictus.sp2","Dialictus","Halictidae",1.2
"M_031","Euglossa.sp1_031","Euglossa.sp1","Euglossa","Apidae",3.55
"M_031","Exomalopsis.sp1_031","Exomalopsis.sp1","Exomalopsis","Apidae",1.75
"M_031","Xylocopa.sp1_031","Xylocopa.sp1","Xylocopa","Apidae",6.3
"M_031","Hylaeus.sp1_031","Hylaeus.sp1","Hylaeus","Colletidae",1.27
"M_032","Andrena.carlini_032","Andrena.carlini","Andrena","Andrenidae",2.9
"M_032","Andrena.cressoni_032","Andrena.cressoni","Andrena","Andrenidae",2.06
"M_032","Andrena.forbesii_032","Andrena.forbesii","Andrena","Andrenidae",2.2
"M_032","Halictus.confusus_032","Halictus.confusus","Halictus","Halictidae",1.41
"M_032","Bombus.griseocollis_032","Bombus.griseocollis","Bombus","Apidae",4.87
"M_032","Apis.mellifera_032","Apis.mellifera","Apis","Apidae",2.9
"M_032","Augochlora.pura_032","Augochlora.pura","Augochlora","Halictidae",1.64
"M_032","Andrena.miserabilis_032","Andrena.miserabilis","Andrena","Andrenidae",1.7
"M_032","Andrena.personata_032","Andrena.personata","Andrena","Andrenidae",1.2
"M_032","Andrena.rugosa_032","Andrena.rugosa","Andrena","Andrenidae",2.07
"M_032","Andrena.sp1_032","Andrena.sp1","Andrena","Andrenidae",2.99
"M_033","Andrena.alleghaniensis_033","Andrena.alleghaniensis","Andrena","Andrenidae",1.44
"M_033","Andrena.carlini_033","Andrena.carlini","Andrena","Andrenidae",2.9
"M_033","Andrena.carolina_033","Andrena.carolina","Andrena","Andrenidae",2.09
"M_033","Andrena.mandibularis_033","Andrena.mandibularis","Andrena","Andrenidae",1.87
"M_033","Apis.mellifera_033","Apis.mellifera","Apis","Apidae",2.9
"M_033","Andrena.vicina_033","Andrena.vicina","Andrena","Andrenidae",2.54
"M_033","Pyrobombus.impatiens_033","Pyrobombus.impatiens","Pyrobombus","Apidae",4.42
"M_033","Pyrobombus.ternarius_033","Pyrobombus.ternarius","Pyrobombus","Apidae",3.17
"M_034","Bombus.dahlbomii_034","Bombus.dahlbomii","Bombus","Apidae",6.1
"M_034","Apis.mellifera_034","Apis.mellifera","Apis","Apidae",2.9
"M_034","Diphaglossa.gayi_034","Diphaglossa.gayi","Diphaglossa","Colletidae",2.11
"M_035","Apis.mellifera_035","Apis.mellifera","Apis","Apidae",2.9
"M_035","Euglossa.cordata_035","Euglossa.cordata","Euglossa","Apidae",3.44
"M_035","Exomalopsis.sp1_035","Exomalopsis.sp1","Exomalopsis","Apidae",1.75
"M_035","Xylocopa.sp1_035","Xylocopa.sp1","Xylocopa","Apidae",6.3
"M_035","Centris.sp1_035","Centris.sp1","Centris","Apidae",5.4
"M_036","Apis.mellifera_036","Apis.mellifera","Apis","Apidae",2.9
"M_036","Bombus.sp1_036","Bombus.sp1","Bombus","Apidae",4.35
"M_037","Bombus.lapidarius_037","Bombus.lapidarius","Bombus","Apidae",3.98
"M_037","Bombus.lucorum_037","Bombus.lucorum","Bombus","Apidae",4.78
"M_037","Bombus.pascuorum_037","Bombus.pascuorum","Bombus","Apidae",3.72
"M_037","Bombus.terrestris_037","Bombus.terrestris","Bombus","Apidae",4.78
"M_038","Bombus.hortorum_038","Bombus.hortorum","Bombus","Apidae",4.56
"M_038","Bombus.pascuorum_038","Bombus.pascuorum","Bombus","Apidae",3.72
"M_039","Amegilla.quadrifasciata_039","Amegilla.quadrifasciata","Amegilla","Apidae",3.64
"M_039","Amegilla.sp1 M_PL_058_39","Amegilla.sp1.M","Amegilla","Apidae",3.7
"M_039","Apis.mellifera_039","Apis.mellifera","Apis","Apidae",2.9
"M_039","Hylaeus.sp1 M_PL_058_39","Hylaeus.sp1.M","Hylaeus","Colletidae",1.27
"M_040","Apis.mellifera_040","Apis.mellifera","Apis","Apidae",2.9
"M_040","Centris.sp1_040","Centris.sp1","Centris","Apidae",5.4
"M_040","Centris.sp2_040","Centris.sp2","Centris","Apidae",5.4
"M_040","Xylocopa.sp1_040","Xylocopa.sp1","Xylocopa","Apidae",6.3
"M_041","Apis.mellifera_041","Apis.mellifera","Apis","Apidae",2.9
"M_041","Xylocopa.sp1_041","Xylocopa.sp1","Xylocopa","Apidae",6.3
"M_043","Bombus.hortorum_043","Bombus.hortorum","Bombus","Apidae",4.74
"M_043","Bombus.lapidarius_043","Bombus.lapidarius","Bombus","Apidae",3.98
"M_043","Bombus.lucorum_043","Bombus.lucorum","Bombus","Apidae",4.78
"M_043","Bombus.pascuorum_043","Bombus.pascuorum","Bombus","Apidae",3.72
"M_043","Bombus.pratorum_043","Bombus.pratorum","Bombus","Apidae",4.21
"M_043","Bombus.ruderatus_043","Bombus.ruderatus","Bombus","Apidae",5.58
"M_043","Bombus.soroeensis_043","Bombus.soroeensis","Bombus","Apidae",3.45
"M_043","Bombus.terrestris_043","Bombus.terrestris","Bombus","Apidae",4.78
"M_044","Apis.cerana_044","Apis.cerana","Apis","Apidae",2.38
"M_044","Apis.mellifera_044","Apis.mellifera","Apis","Apidae",2.9
"M_044","Lasioglossum.sp1_044","Lasioglossum.sp1","Lasioglossum","Halictidae",1.47
"M_044","Ceratina.okinawana_044","Ceratina.okinawana","Ceratina","Apidae",1.41
"M_044","Lasioglossum.sp2_044","Lasioglossum.sp2","Lasioglossum","Halictidae",1.47
"M_044","Lasioglossum.sp3_044","Lasioglossum.sp3","Lasioglossum","Halictidae",1.47
"M_044","Lasioglossum.subopacum_044","Lasioglossum.subopacum","Lasioglossum","Halictidae",2.89
"M_046","Bombus.lapidarius_046","Bombus.lapidarius","Bombus","Apidae",3.98
"M_046","Andreana.sp1_046","Andreana.sp1","Andreana","Andrenidae",2.74
"M_046","Apis.mellifera_046","Apis.mellifera","Apis","Apidae",2.9
"M_046","Bombus.pascuorum_046","Bombus.pascuorum","Bombus","Apidae",3.72
"M_046","Bombus.terrestris_046","Bombus.terrestris","Bombus","Apidae",4.78
"M_047","Hylaeus.annularis_047","Hylaeus.annularis","Hylaeus","Colletidae",4
"M_047","Andrena.barbilabris_047","Andrena.barbilabris","Andrena","Andrenidae",2.1
"M_047","Bombus.bohemicus_047","Bombus.bohemicus","Bombus","Apidae",4.1
"M_047","Colletes.cunicularius_047","Colletes.cunicularius","Colletes","Colletidae",3.62
"M_047","Andrena.clarkella_047","Andrena.clarkella","Andrena","Andrenidae",3.1
"M_047","Andrena.fulva_047","Andrena.fulva","Andrena","Andrenidae",2.86
"M_047","Andrena.fuscipes_047","Andrena.fuscipes","Andrena","Andrenidae",2
"M_047","Andrena.haemorrhoa_047","Andrena.haemorrhoa","Andrena","Andrenidae",2.54
"M_047","Halictus.confusus_047","Halictus.confusus","Halictus","Halictidae",1.41
"M_047","Hylaeus.brevicornis_047","Hylaeus.brevicornis","Hylaeus","Colletidae",1
"M_047","Lasioglossum.fratellum_047","Lasioglossum.fratellum","Lasioglossum","Halictidae",1.16
"M_047","Lasioglossum.leucopus_047","Lasioglossum.leucopus","Lasioglossum","Halictidae",1.2
"M_047","Andrena.lapponica_047","Andrena.lapponica","Andrena","Andrenidae",2.66
"M_047","Lasioglossum.leucozonium_047","Lasioglossum.leucozonium","Lasioglossum","Halictidae",1.86
"M_047","Bombus.jonellus_047","Bombus.jonellus","Bombus","Apidae",3.99
"M_047","Bombus.lapidarius_047","Bombus.lapidarius","Bombus","Apidae",3.98
"M_047","Bombus.lucorum_047","Bombus.lucorum","Bombus","Apidae",4.78
"M_047","Andrena.nigroaenea_047","Andrena.nigroaenea","Andrena","Andrenidae",2.97
"M_047","Apis.mellifera_047","Apis.mellifera","Apis","Apidae",2.9
"M_047","Bombus.muscorum_047","Bombus.muscorum","Bombus","Apidae",3.84
"M_047","Bombus.pascuorum_047","Bombus.pascuorum","Bombus","Apidae",3.72
"M_047","Lasioglossum.punctatissimum_047","Lasioglossum.punctatissimum","Lasioglossum","Halictidae",1.21
"M_047","Bombus.pratorum_047","Bombus.pratorum","Bombus","Apidae",4.21
"M_047","Andrena.sp1_047","Andrena.sp1","Andrena","Andrenidae",2.99
"M_047","Bombus.rupestris_047","Bombus.rupestris","Bombus","Apidae",5.81
"M_047","Lasioglossum.sp1_047","Lasioglossum.sp1","Lasioglossum","Halictidae",1.47
"M_047","Hylaeus.sp1_047","Hylaeus.sp1","Hylaeus","Colletidae",1.27
"M_047","Bombus.sp1_047","Bombus.sp1","Bombus","Apidae",4.35
"M_047","Bombus.sp2_047","Bombus.sp2","Bombus","Apidae",4.35
"M_047","Colletes.succinctus_047","Colletes.succinctus","Colletes","Colletidae",3
"M_047","Megachile.versicolor_047","Megachile.versicolor","Megachile","Megachilidae",3.25
"M_047","Andrena.wilkella_047","Andrena.wilkella","Andrena","Andrenidae",2.34
"M_047","Bombus.terrestris_047","Bombus.terrestris","Bombus","Apidae",4.78
"M_047","Lasioglossum.villosulum_047","Lasioglossum.villosulum","Lasioglossum","Halictidae",1.32
"M_049","Bombus.hortorum_049","Bombus.hortorum","Bombus","Apidae",4.74
"M_049","Bombus.hypnorum_049","Bombus.hypnorum","Bombus","Apidae",3.95
"M_049","Bombus.lucorum_049","Bombus.lucorum","Bombus","Apidae",3.75
"M_049","Apis.mellifera_049","Apis.mellifera","Apis","Apidae",2.9
"M_049","Bombus.pratorum_049","Bombus.pratorum","Bombus","Apidae",4.21
"M_049","Bombus.terrestis_049","Bombus.terrestis","Bombus","Apidae",4.78
"M_050","Amegilla.quadrifasciata_050","Amegilla.quadrifasciata","Amegilla","Apidae",3.64
"M_050","Amegilla.sp1_050","Amegilla.sp1","Amegilla","Apidae",3.7
"M_050","Apis.mellifera_050","Apis.mellifera","Apis","Apidae",2.9
"M_050","Hylaeus.sp1_050","Hylaeus.sp1","Hylaeus","Colletidae",1.27
"M_051","CaenoHalictus.sp1_051","CaenoHalictus.sp1","CaenoHalictus","Halictidae",1.3
"M_051","Bombus.dahlbomii_051","Bombus.dahlbomii","Bombus","Apidae",6.1
"M_051","Manuelia.gayi_051","Manuelia.gayi","Manuelia","Apidae",1.8
"M_051","Manuelia.postica_051","Manuelia.postica","Manuelia","Apidae",1.7
"M_051","Megachile.sp1_051","Megachile.sp1","Megachile","Megachilidae",3.2
"M_051","Bombus.ruderatus_051","Bombus.ruderatus","Bombus","Apidae",5.58
"M_051","Megachile.sp2_051","Megachile.sp2","Megachile","Megachilidae",3.2
"M_053","Bombus.ardens_053","Bombus.ardens","Bombus","Apidae",4.98
"M_053","Bombus.diversus_053","Bombus.diversus","Bombus","Apidae",5.4
"M_053","Andrena.longitibialis_053","Andrena.longitibialis","Andrena","Andrenidae",1.59
"M_053","Ceratina.flavipes_053","Ceratina.flavipes","Ceratina","Apidae",1.71
"M_053","Bombus.ignitus_053","Bombus.ignitus","Bombus","Apidae",6.3
"M_053","Andrena.minutula_053","Andrena.minutula","Andrena","Andrenidae",1.59
"M_053","Apis.cerana_053","Apis.cerana","Apis","Apidae",2.38
"M_053","Apis.mellifera_053","Apis.mellifera","Apis","Apidae",2.9
"M_053","Ceratina.japonica_053","Ceratina.japonica","Ceratina","Apidae",1.22
"M_053","Lasioglossum.occidens_053","Lasioglossum.occidens","Lasioglossum","Halictidae",2.26
"M_053","Andrena.sp1_053","Andrena.sp1","Andrena","Andrenidae",2.99
"M_053","Lasioglossum.sp1_053","Lasioglossum.sp1","Lasioglossum","Halictidae",1.47
"M_053","Lasioglossum.sp2_053","Lasioglossum.sp2","Lasioglossum","Halictidae",1.47
"M_053","Lasioglossum.sp3_053","Lasioglossum.sp3","Lasioglossum","Halictidae",1.47
"M_053","Lasioglossum.sp4_053","Lasioglossum.sp4","Lasioglossum","Halictidae",1.47
"M_053","Andrena.taraxaci_053","Andrena.taraxaci","Andrena","Andrenidae",1.68
"M_053","Lasioglossum.sp5_053","Lasioglossum.sp5","Lasioglossum","Halictidae",1.47
"M_053","Lasioglossum.sp6_053","Lasioglossum.sp6","Lasioglossum","Halictidae",1.47
"M_053","Lasioglossum.sp7_053","Lasioglossum.sp7","Lasioglossum","Halictidae",1.47
"M_053","Lasioglossum.sp8_053","Lasioglossum.sp8","Lasioglossum","Halictidae",1.47
"M_054","Bombus.ardens_054","Bombus.ardens","Bombus","Apidae",4.98
"M_054","Bombus.diversus diversus_054","Bombus.diversus.diversus","Bombus","Apidae",4.79
"M_054","Andrena.japonica_054","Andrena.japonica","Andrena","Andrenidae",1.22
"M_054","Bombus.hypocrita.hypocrita_054","Bombus.hypocrita.hypocrita","Bombus","Apidae",5.4
"M_054","Ceratina.flavipes_054","Ceratina.flavipes","Ceratina","Apidae",1.71
"M_054","Bombus.ignitus_054","Bombus.ignitus","Bombus","Apidae",6.3
"M_054","Lasioglossum.occidens_054","Lasioglossum.occidens","Lasioglossum","Halictidae",2.26
"M_054","Anthidium.septemspinosum_054","Anthidium.septemspinosum","Anthidium","Megachilidae",3
"M_054","Apis.cerana.japonica_054","Apis.cerana.japonica","Apis","Apidae",2.38
"M_054","Apis.mellifera_054","Apis.mellifera","Apis","Apidae",2.9
"M_054","Ceratina.japonica_054","Ceratina.japonica","Ceratina","Apidae",1.22
"M_054","Lasioglossum.proximatum_054","Lasioglossum.proximatum","Lasioglossum","Halictidae",2.43
"M_054","Lasioglossum.scitulum_054","Lasioglossum.scitulum","Lasioglossum","Halictidae",2.31
"M_054","Lasioglossum.sp1_054","Lasioglossum.sp1","Lasioglossum","Halictidae",1.47
"M_054","Lasioglossum.sp2_054","Lasioglossum.sp2","Lasioglossum","Halictidae",1.47
"M_054","Lasioglossum.sp2_054","Lasioglossum.sp2","Lasioglossum","Halictidae",1.47
"M_054","Colletes.sp1_054","Colletes.sp1","Colletes","Colletidae",2.9
"M_054","Colletes.sp2_054","Colletes.sp2","Colletes","Colletidae",2.9
"M_055","Bombus.diversus_055","Bombus.diversus","Bombus","Apidae",5.49
"M_055","Andrena.japonicum_055","Andrena.japonicum","Andrena","Andrenidae",1.22
"M_055","Bombus.hypocrita_055","Bombus.hypocrita","Bombus","Apidae",5.4
"M_055","Andrena.minutula_055","Andrena.minutula","Andrena","Andrenidae",1.5
"M_055","Ceratina.flavipes_055","Ceratina.flavipes","Ceratina","Apidae",1.71
"M_055","Ceratina.japonica_055","Ceratina.japonica","Ceratina","Apidae",1.22
"M_055","Lasioglossum.scitulum_055","Lasioglossum.scitulum","Lasioglossum","Halictidae",2.31
"M_055","Apis.cerana_055","Apis.cerana","Apis","Apidae",2.38
"M_055","Apis.mellifera_055","Apis.mellifera","Apis","Apidae",2.9
"M_056","Bombus.ardens_056","Bombus.ardens","Bombus","Apidae",4.98
"M_056","Bombus.diversus_056","Bombus.diversus","Bombus","Apidae",5.49
"M_056","Lasioglossum.albipes_056","Lasioglossum.albipes","Lasioglossum","Halictidae",1.62
"M_056","Bombus.honshuensis_056","Bombus.honshuensis","Bombus","Apidae",6.1
"M_056","Andrena.lapponica_056","Andrena.lapponica","Andrena","Andrenidae",2.66
"M_056","Andrena.longitibialis_056","Andrena.longitibialis","Andrena","Andrenidae",1.59
"M_056","Bombus.hypocrita_056","Bombus.hypocrita","Bombus","Apidae",5.4
"M_056","Lasioglossum.proximatum_056","Lasioglossum.proximatum","Lasioglossum","Halictidae",2.43
"M_056","Megachile.sp1_056","Megachile.sp1","Megachile","Megachilidae",3.2
"M_056","Apis.mellifera_056","Apis.mellifera","Apis","Apidae",2.9
"M_056","Lasioglossum.sp.K1_056","Lasioglossum.sp.K1","Lasioglossum","Halictidae",1.47
"M_056","Lasioglossum.sp.K2_056","Lasioglossum.sp.K2","Lasioglossum","Halictidae",1.47
"M_056","Lasioglossum.sp1_056","Lasioglossum.sp1","Lasioglossum","Halictidae",1.47
"M_057","Bombus.ardens_057","Bombus.ardens","Bombus","Apidae",4.98
"M_057","Bombus.diversus.diversus_057","Bombus.diversus.diversus","Bombus","Apidae",5.49
"M_057","Bombus.honshuensis_057","Bombus.honshuensis","Bombus","Apidae",6.1
"M_057","Bombus.hypocrita.hypocrita_057","Bombus.hypocrita.hypocrita","Bombus","Apidae",5.4
"M_057","Bombus.ignitus_057","Bombus.ignitus","Bombus","Apidae",6.3
"M_057","Andrena.minutula_057","Andrena.minutula","Andrena","Andrenidae",1.5
"M_057","Ceratina.flavipes_057","Ceratina.flavipes","Ceratina","Apidae",1.71
"M_057","Lasioglossum.occidens_057","Lasioglossum.occidens","Lasioglossum","Halictidae",2.26
"M_057","Ceratina.japonica_057","Ceratina.japonica","Ceratina","Apidae",1.22
"M_057","Apis.cerana.japonica_057","Apis.cerana.japonica","Apis","Apidae",2.38
"M_057","Cerarina.sp1_057","Cerarina.sp1","Cerarina","Apidae",1.5
"M_057","Lasioglossum.sp1_057","Lasioglossum.sp1","Lasioglossum","Halictidae",1.47
"M_057","Lasioglossum.sp10_057","Lasioglossum.sp10","Lasioglossum","Halictidae",1.47
"M_057","Lasioglossum.sp11_057","Lasioglossum.sp11","Lasioglossum","Halictidae",1.47
"M_057","Lasioglossum.sp12_057","Lasioglossum.sp12","Lasioglossum","Halictidae",1.47
"M_057","Lasioglossum.sp2_057","Lasioglossum.sp2","Lasioglossum","Halictidae",1.47
"M_057","Lasioglossum.sp3_057","Lasioglossum.sp3","Lasioglossum","Halictidae",1.47
"M_057","Lasioglossum.sp4_057","Lasioglossum.sp4","Lasioglossum","Halictidae",1.47
"M_057","Andrena.subopaca_057","Andrena.subopaca","Andrena","Andrenidae",1.47
"M_057","Bombus.sp1_057","Bombus.sp1","Bombus","Apidae",4.3
"M_057","Lasioglossum.sp5_057","Lasioglossum.sp5","Lasioglossum","Halictidae",1.47
"M_057","Lasioglossum.sp6_057","Lasioglossum.sp6","Lasioglossum","Halictidae",1.47
"M_057","Lasioglossum.sp7_057","Lasioglossum.sp7","Lasioglossum","Halictidae",1.47
"M_057","Lasioglossum.sp8_057","Lasioglossum.sp8","Lasioglossum","Halictidae",1.47
"M_057","Lasioglossum.sp9_057","Lasioglossum.sp9","Lasioglossum","Halictidae",1.47
"M_058","Eucera.sp1_058","Eucera.sp1","Eucera","Apidae",4
"M_058","Hylaeus.nigritus_058","Hylaeus.nigritus","Hylaeus","Colletidae",1.607
"M_058","Halictus.sp1_058","Halictus.sp1","Halictus","Halictidae",1.49
"M_058","Megachile.sp1_058","Megachile.sp1","Megachile","Megachilidae",3.2
"M_058","Andrena.sp1_058","Andrena.sp1","Andrena","Andrenidae",2.99
"M_058","Lasioglossum.sp1_058","Lasioglossum.sp1","Lasioglossum","Halictidae",1.47
"M_058","Megachile.sp2_058","Megachile.sp2","Megachile","Megachilidae",3.2
"M_058","Anthidium.sp1_058","Anthidium.sp1","Anthidium","Megachilidae",3.34
"M_058","Apis.mellifera_058","Apis.mellifera","Apis","Apidae",2.9
"M_058","Cerarina.cucurbitina_058","Cerarina.cucurbitina","Cerarina","Apidae",1.36
"M_058","Xylocopa.sp1_058","Xylocopa.sp1","Xylocopa","Apidae",6.3
"M_058","Colletes.sp1_058","Colletes.sp1","Colletes","Colletidae",2.9
"M_058","Osmia.sp1_058","Osmia.sp1","Osmia","Megachilidae",3.11
"M_058","Anthophora.sp1_058","Anthophora.sp1","Anthophora","Apidae",4.13
"M_058","Bombus.terrestris_058","Bombus.terrestris","Bombus","Apidae",4.7
"M_058","Hylaeus.sp2_058","Hylaeus.sp2","Hylaeus","Colletidae",1.27
"M_058","Hylaeus.variegatus_058","Hylaeus.variegatus","Hylaeus","Colletidae",2.12
"M_059","Centris.aenea_059","Centris.aenea","Centris","Apidae",4.7
"M_059","Centris.caxiensis_059","Centris.caxiensis","Centris","Apidae",4.2
"M_059","Centris.flavifrons_059","Centris.flavifrons","Centris","Apidae",5.5
"M_059","Centris.fuscata_059","Centris.fuscata","Centris","Apidae",4.8
"M_059","Xylocopa.grisescens_059","Xylocopa.grisescens","Xylocopa","Apidae",7.5
"M_059","Apis.mellifera_059","Apis.mellifera","Apis","Apidae",2.9
"M_059","Centris.obsoleta_059","Centris.obsoleta","Centris","Apidae",6.5
"M_059","Centris.sp1_059","Centris.sp1","Centris","Apidae",5.4
"M_059","Centris.sp2_059","Centris.sp2","Centris","Apidae",5.4
"M_059","Xylocopa.sp1_059","Xylocopa.sp1","Xylocopa","Apidae",6.3
"M_059","Centris.tarsata_059","Centris.tarsata","Centris","Apidae",6.7
"M_059","Centris.trigonoides_059","Centris.trigonoides","Centris","Apidae",3
"M_060","Apis.mellifera_060","Apis.mellifera","Apis","Apidae",2.9
"M_061","Apis.mellifera_061","Apis.mellifera","Apis","Apidae",2.9
"M_062","Andrena.arabis_062","Andrena.arabis","Andrena","Andrenidae",2.1
"M_062","Colletes.compactus_062","Colletes.compactus","Colletes","Colletidae",3.143
"M_062","Megachile.mendica_062","Megachile.mendica","Megachile","Megachilidae",3.3
"M_062","Melissodes.agilis_062","Melissodes.agilis","Melissodes","Apidae",3.24
"M_062","Osmia.atriventris_062","Osmia.atriventris","Osmia","Megachilidae",2.08
"M_062","Osmia.collinsiae_062","Osmia.collinsiae","Osmia","Megachilidae",2.7
"M_062","Andrena.carlini_62","Andrena.carlini","Andrena","Andrenidae",2.9
"M_062","Ceratina.dupla_062","Ceratina.dupla","Ceratina","Apidae",1.42
"M_062","Andrena.mandibularis_062","Andrena.mandibularis","Andrena","Andrenidae",1.87
"M_062","Bombus.impatiens_062","Bombus.impatiens","Bombus","Apidae",3.38
"M_062","Andrena.nubecula_062","Andrena.nubecula","Andrena","Andrenidae",1.17
"M_062","Bombus.pennsylvanicus_062","Bombus.pennsylvanicus","Bombus","Apidae",6
"M_062","Andrena.personata_062","Andrena.personata","Andrena","Andrenidae",1.2
"M_062","Andrena.pruni_062","Andrena.pruni","Andrena","Andrenidae",2.5
"M_062","Bombus.ridingsii_062","Bombus.ridingsii","Bombus","Apidae",5.44
"M_062","Andrena.spiraeana_062","Andrena.spiraeana","Andrena","Andrenidae",1.94
"M_062","Agapostemon.splendens_062","Agapostemon.splendens","Agapostemon","Halictidae",2.38
"M_062","Agapostemon.texanus_062","Agapostemon.texanus","Agapostemon","Halictidae",2.04
"M_062","Ashmeadiella bucconis_062","Ashmeadiella.bucconis","","Megachilidae",1.78
"M_062","Calliopsis.andreniformis_062","Calliopsis.andreniformis","Calliopsis","Andrenidae",1.36
"M_062","Calliopsis.coloradensis_062","Calliopsis.coloradensis","Calliopsis","Andrenidae",1.65
"M_062","Colletes.similis_062","Colletes.similis","Colletes","Colletidae",2.37
"M_062","Melissodes.coreopsis_062","Melissodes.coreopsis","Melissodes","Apidae",2.6
"M_062","Peponapis.pruinosa_062","Peponapis.pruinosa","Peponapis","Apidae",3.16
"M_072","Bombus.atratus_072","Bombus.atratus","Bombus","Apidae",5.66
"M_072","Megachile.sp1_072","Megachile.sp1","Megachile","Megachilidae",3.2
"M_072","Megachile.sp2_072","Megachile.sp2","Megachile","Megachilidae",3.2
"M_072","Megachile.sp3_072","Megachile.sp3","Megachile","Megachilidae",3.2
"M_072","Colletes.sp1_072","Colletes.sp1","Colletes","Colletidae",2.9
"M_072","Megachile.sp4_072","Megachile.sp4","Megachile","Megachilidae",3.2
"M_072","Apis.mellifera_072","Apis.mellifera","Apis","Apidae",2.9
"M_072","Colletes.sp2_072","Colletes.sp2","Colletes","Colletidae",2.9
"M_072","Dialictus.sp1_072","Dialictus.sp1","Dialictus","Halictidae",1.3
"M_072","Augochloropsis.sp3_072","Augochloropsis.sp3","Augochloropsis","Halictidae",2.18
"M_073","Anthophora.abrupta_073","Anthophora.abrupta","Anthophora","Andrenidae",3.9
"M_073","Bombus.bimaculatus_073","Bombus.bimaculatus","Bombus","Apidae",4.07
"M_073","Megachile.mendica_073","Megachile.mendica","Megachile","Megachilidae",3.3
"M_073","Ceratina.calcarata_073","Ceratina.calcarata","Ceratina","Apidae",1.41
"M_073","Lasioglossum.birkmanni_073","Lasioglossum.birkmanni","Lasioglossum","Halictidae",1.25
"M_073","Lasioglossum.cressonii_073","Lasioglossum.cressonii","Lasioglossum","Halictidae",1.29
"M_073","Lasioglossum.ephialtum_073","Lasioglossum.ephialtum","Lasioglossum","Halictidae",1.2
"M_073","Bombus.griseocollis_073","Bombus.griseocollis","Bombus","Apidae",4.87
"M_073","Lasioglossum.fuscipenne_073","Lasioglossum.fuscipenne","Lasioglossum","Halictidae",2.1
"M_073","Andrena.imitatrix_073","Andrena.imitatrix","Andrena","Andrenidae",4.49
"M_073","Lasioglossum.hitchensi_073","Lasioglossum.hitchensi","Lasioglossum","Halictidae",1.16
"M_073","Lasioglossum.imitatum_073","Lasioglossum.imitatum","Lasioglossum","Halictidae",0.98
"M_073","Bombus.impatiens_073","Bombus.impatiens","Bombus","Apidae",4.42
"M_073","Lasioglossum.macoupinens_073","Lasioglossum.macoupinens","Lasioglossum","Halictidae",1.19
"M_073","Lasioglossum.oblongum_073","Lasioglossum.oblongum","Lasioglossum","Halictidae",1.23
"M_073","Lasioglossum.obscurum_073","Lasioglossum.obscurum","Lasioglossum","Halictidae",1.17
"M_073","Lasioglossum.sp1_073","Lasioglossum.sp1","Lasioglossum","Halictidae",1.47
"M_073","Andrena.spiraeana_073","Andrena.spiraeana","Andrena","Andrenidae",1.94
"M_073","Agapostemon_virescens_073","Agapostemon","","Halictidae",2.308
"M_073","Andrena.vicina_073","Andrena.vicina","Andrena","Andrenidae",2.54
"M_073","Apis.mellifera_073","Apis.mellifera","Apis","Apidae",2.9
"M_073","Augochlora_pura_073","Augochlora","","Halictidae",1.64
"M_073","Augochlorella_aurata_073","Augochlorella","","Halictidae",1.405
"M_073","Ceratina.sp1_073","Ceratina.sp1","Ceratina","Apidae",1.5
"M_073","Hylaeus.sp1_073","Hylaeus.sp1","Hylaeus","Colletidae",1.27
"M_073","Halictus_confusus_073","Halictus","","Halictidae",1.41
"M_073","Lasioglossum.subviridatum_073","Lasioglossum.subviridatum","Lasioglossum","Halictidae",1.2
"M_073","Lasioglossum.tegulare_073","Lasioglossum.tegulare","Lasioglossum","Halictidae",0.94
"M_11.1","Apis.mellifera_11.1","Apis.mellifera","Apis","Apidae",2.9
"M_11.1","Bombus.ruderatus_11.1","Bombus.ruderatus","Bombus","Apidae",5.58
"M_11.1","Halictus.sp_11.1","Halictus.sp","Halictus","Halictidae",1.49
"M_11.2","Apis.mellifera_11.2","Apis.mellifera","Apis","Apidae",2.9
"M_11.2","Megachile.sp_11.2","Megachile.sp","Megachile","Megachilidae",3.2
"M_Kahe","Bombus.brasiliensis_Kah","Bombus.brasiliensis","Bombus","Apidae",4.4
"M_kbcontrol2009","Apis.mellifera_kbcontrol","Apis.mellifera","Apis","Apidae",2.9
"M_kbrest2009","Apis.mellifera_kbrest","Apis.mellifera","Apis","Apidae",2.9
"M_res_1521","Megachile.frigida_1521","Megachile.frigida","Megachile","Megachilidae",3.64
"M_res_1521","Megachile.inermis_1521","Megachile.inermis","Megachile","Megachilidae",4.43
"M_res_1521","Hoplitis.albifrons_1521","Hoplitis.albifrons","Hoplitis","Megachilidae",2.43
"M_res_1521","Hylaeus.annulatus_1521","Hylaeus.annulatus","Hylaeus","Colletidae",1.28
"M_res_1521","Bombus.bifarius_1521","Bombus.bifarius","Bombus","Apidae",2.89
"M_res_1521","Megachile.melanophaea_1521","Megachile.melanophaea","Megachile","Megachilidae",3.26
"M_res_1521","Osmia.bucephala_1521","Osmia.bucephala","Osmia","Megachilidae",3.76
"M_res_1521","Lasioglossum.(Dialictus) pruinosum_1521","Lasioglossum.(Dialictus).pruinosum","Lasioglossum","Halictidae",1.164
"M_res_1521","Osmia.inermis_1521","Osmia.inermis","Osmia","Megachilidae",2.35
"M_res_1521","Lasioglossum.(Dialictus) semicaeruleum_1521","Lasioglossum.(Dialictus).semicaeruleum","Lasioglossum","Halictidae",1.128
"M_res_1521","Andrena.crategi_1521","Andrena.crategi","Andrena","Andrenidae",1.81
"M_res_1521","Anthophora.montana_1521","Anthophora.montana","Anthophora","Apidae",3.83
"M_res_1521","Halictus.confusus_1521","Halictus.confusus","Halictus","Halictidae",1.41
"M_res_1521","Halictus.ligatus_1521","Halictus.ligatus","Halictus","Halictidae",1.684
"M_res_1521","Hoplitis.fulgida_1521","Hoplitis.fulgida","Hoplitis","Megachilidae",2.04
"M_res_1521","Hoplitis.robusta_1521","Hoplitis.robusta","Hoplitis","Megachilidae",1.39
"M_res_1521","Hylaeus.annullatus_1521","Hylaeus.annullatus","Hylaeus","Colletidae",1.28
"M_res_1521","Hylaeus.basalis_1521","Hylaeus.basalis","Hylaeus","Colletidae",1.85
"M_res_1521","Megachile.pugnata_1521","Megachile.pugnata","Megachile","Megachilidae",3.1
"M_res_1521","Bombus.flavifrons_1521","Bombus.flavifrons","Bombus","Apidae",2.89
"M_res_1521","Lasioglossum.inconditum_1521","Lasioglossum.inconditum","Lasioglossum","Halictidae",1.25
"M_res_1521","Megachile.relativa_1521","Megachile.relativa","Megachile","Megachilidae",2.68
"M_res_1521","Osmia.pusilla_1521","Osmia.pusilla","Osmia","Megachilidae",1.58
"M_res_1521","Hylaeus.modestus_1521","Hylaeus.modestus","Hylaeus","Colletidae",1.158
"M_res_1521","Andrena.medionitens_1521","Andrena.medionitens","Andrena","Andrenidae",2.09
"M_res_1521","Bombus.mixtus_1521","Bombus.mixtus","Bombus","Apidae",3.04
"M_res_1521","Bombus.nevadensis_1521","Bombus.nevadensis","Bombus","Apidae",5.06
"M_res_1521","Colletes.nigrifrons_1521","Colletes.nigrifrons","Colletes","Colletidae",2.04
"M_res_1521","Hylaeus.personatellus_1521","Hylaeus.personatellus","Hylaeus","Colletidae",1.33
"M_res_1521","Lasioglossum.sp.1_1521","Lasioglossum.sp.1","Lasioglossum","Halictidae",1.47
"M_res_1521","Lasioglossum.sp_1521","Lasioglossum.sp","Lasioglossum","Halictidae",1.47
"M_res_1521","Andrena.sp2_res_1521","Andrena.sp2","Andrena","Andrenidae",2.99
"M_res_1521","Andrena.sp3_res_1521","Andrena.sp3","Andrena","Andrenidae",2.99
"M_res_1521","Andrena.sp5_res_1521","Andrena.sp5","Andrena","Andrenidae",2.99
"M_res_1521","Andrena.sp9_res_1521","Andrena.sp9","Andrena","Andrenidae",2.99
"M_res_1521","Andrena.spA_res_1521","Andrena.spA","Andrena","Andrenidae",2.99
"M_res_1521","Andrena.spC_res_1521","Andrena.spC","Andrena","Andrenidae",2.99
"M_res_1521","Colletes.sp_1521","Colletes.sp","Colletes","Colletidae",2.9
"M_res_1521","Melissodes.confusus_1521","Melissodes.confusus","Melissodes","Apidae",2.781
"M_res_1521","Melissodes.sp.1_1521","Melissodes.sp.1","Melissodes","Apidae",2.65
"M_res_1521","Osmia.spA_1521","Osmia.spA","Osmia","Megachilidae",3.11
"M_res_1521","Colletes.spp_1521","Colletes.spp","Colletes","Colletidae",2.9
"M_res_1521","Agapostemon.angelicus.texanus_1521","Agapostemon.angelicus.texanus","Agapostemon","Halictidae",2.04
"M_res_1521","Anthophora.terminalis_1521","Anthophora.terminalis","Anthophora","Apidae",3.17
"M_res_1521","Anthophora.urbana_1521","Anthophora.urbana","Anthophora","Apidae",3.31
"M_res_1521","Apis.mellifera_1521","Apis.mellifera","Apis","Apidae",2.9
"M_res_1521","Augochlorella aurata_1521","Augochlorella.aurata","","Halictidae",1.405
"M_res_1521","Dufourea fimbriata_1521","Dufourea.fimbriata","","Halictidae",1.18
"M_res_1521","Dufourea maura_1521","Dufourea.maura","","Halictidae",1.73
"M_res_1521","Halictus.tripartitus_1521","Halictus.tripartitus","Halictus","Halictidae",1.112
"M_res_1521","Halictus.virgatellus_1521","Halictus.virgatellus","Halictus","Halictidae",1.44
"M_res_1521","Osmia.spB_1521","Osmia.spB","Osmia","Megachilidae",3.11
"M_res_1521","Osmia.spC_1521","Osmia.spC","Osmia","Megachilidae",3.11
"M_res_1521","Osmia.spD_1521","Osmia.spD","Osmia","Megachilidae",3.11
"M_res_1521","Osmia.spE_1521","Osmia.spE","Osmia","Megachilidae",3.11
"M_res_1521","Osmia.spF_1521","Osmia.spF","Osmia","Megachilidae",3.11
"M_res_1521","Osmia.spp_1521","Osmia.spp","Osmia","Megachilidae",3.11
"M_res_1521","Osmia.subaustralis_1521","Osmia.subaustralis","Osmia","Megachilidae",2.59
"M_res_1521","Pseudopanurgus.bakeri_1521","Pseudopanurgus.bakeri","Pseudopanurgus","Andrenidae",1.12
"M_res_1521","Pseudopanurgus.didirupa_1521","Pseudopanurgus.didirupa","Pseudopanurgus","Andrenidae",1.3
"M_Var2012","Bombus.morio_Var2012","Bombus.morio","Bombus","Apidae",6.04
"M_Var2012","Euglossa.chalybeata_Var2012","Euglossa.chalybeata","Euglossa","Apidae",3.7
"M_Var2012","Euglossa.sp_Var2012","Euglossa.sp","Euglossa","Apidae",3.55
"M_Var2012","Trigona.fulviventris_Var2012","Trigona.fulviventris","Trigona","Apidae",1.46
"Santos_2010","Bombus.brevivillus_s2010","Bombus.brevivillus","Bombus","Apidae",3.8
"Santos_2010","Bombus.morio_s2010","Bombus.morio","Bombus","Apidae",6.04
"Santos_2010","Apis.mellifera_s2010","Apis.mellifera","Apis","Apidae",2.9
"Santos_2010","Trigona.spinipes_s2010","Trigona.spinipes","Trigona","Apidae",1.8
"Santos_2010","Frieseomelitt.silvestrii_s2010","Frieseomelitt.silvestrii","Frieseomelitt","Apidae",1.01
"Santos_2010","Melipona.quadrifasciata_s2010","Melipona.quadrifasciata","Melipona","Apidae",3.81
"Santos_2010","Trigona_fuscipennis_s2010","Trigona","","Apidae",1.44
